5 cm,2012,Indonesia,7.7,13+,Petualangan
Laskar Pelangi,2008,Indonesia,7.8,10+,Petualangan
Negeri 5 Menara,2012,Indonesia,7.1,13+,Petualangan
Pendekar Tongkat Emas,2014,Indonesia,6.5,13+,Petualangan
The Raid: Redemption,2011,Indonesia,7.6,18+,Petualangan
The Raid 2,2014,Indonesia,8,18+,Petualangan
Merantau,2009,Indonesia,7,17+,Petualangan
Garuda di Dadaku,2009,Indonesia,6.9,10+,Petualangan
Soekarno,2013,Indonesia,7.1,13+,Petualangan
Sang Penari,2011,Indonesia,7.2,17+,Petualangan
Habibie & Ainun,2012,Indonesia,7.6,13+,Petualangan
Kartini,2017,Indonesia,7.4,13+,Petualangan
Wiro Sableng,2018,Indonesia,6.4,13+,Petualangan
Tenggelamnya Kapal Van Der Wijck,2013,Indonesia,7.1,13+,Petualangan
Bumi Manusia,2019,Indonesia,7.2,13+,Petualangan
Perempuan Tanah Jahanam,2019,Indonesia,6.7,17+,Petualangan
Gundala,2019,Indonesia,6.1,13+,Petualangan
Susi Susanti: Love All,2019,Indonesia,7.2,10+,Petualangan
Keluarga Cemara,2019,Indonesia,7.7,7+,Petualangan
Marlina si Pembunuh dalam Empat Babak,2017,Indonesia,7,17+,Petualangan
Ong-Bak: Muay Thai Warrior,2003,Thailand,7.2,17+,Petualangan
The Protector,2005,Thailand,7.1,17+,Petualangan
The Legend of Suriyothai,2001,Thailand,6.6,13+,Petualangan
The Beach,2000,Thailand,6.7,17+,Petualangan
The Cave,2019,Thailand,6.3,13+,Petualangan
The King Maker,2005,Thailand,5.3,13+,Petualangan
The Legend of King Naresuan,2007,Thailand,6.4,13+,Petualangan
The Legend of King Naresuan Part II,2007,Thailand,6.5,13+,Petualangan
The Legend of King Naresuan Part III,2011,Thailand,6.6,13+,Petualangan
The Legend of King Naresuan Part IV,2011,Thailand,6.7,13+,Petualangan
The Legend of King Naresuan Part V,2014,Thailand,6.8,13+,Petualangan
The Legend of King Naresuan Part VI,2015,Thailand,6.9,13+,Petualangan
The Bodyguard,2004,Thailand,5.6,17+,Petualangan
Bangkok Dangerous,1999,Thailand,6.5,17+,Petualangan
Tears of the Black Tiger,2000,Thailand,6.9,17+,Petualangan
Headshot,2011,Thailand,6.1,17+,Petualangan
The Tiger Blade,2005,Thailand,5.1,17+,Petualangan
Chocolate,2008,Thailand,7,17+,Petualangan
Raging Phoenix,2009,Thailand,6.2,17+,Petualangan
Tom-Yum-Goong 2,2013,Thailand,5.3,17+,Petualangan
Rurouni Kenshin,2012,Jepang,7.5,13+,Petualangann
Rurouni Kenshin: Kyoto Inferno,2014,Jepang,7.6,13+,Petualangan
Rurouni Kenshin: The Legend Ends,2014,Jepang,7.6,13+,Petualangan
Rurouni Kenshin: The Final,2021,Jepang,7.3,13+,Petualangan
Rurouni Kenshin: The Beginning,2021,Jepang,7.4,13+,Petualangan
13 Assassins,2010,Jepang,7.6,17+,Petualangan
The Hidden Fortress,1958,Jepang,8.1,13+,Petualangan
Seven Samurai,1954,Jepang,8.6,13+,Petualangan
The Twilight Samurai,2002,Jepang,8.1,13+,Petualangan
The Last Samurai,2003,Jepang,7.8,17+,Petualangan
Azumi,2003,Jepang,6.8,17+,Petualangan
Shinobi: Heart Under Blade,2005,Jepang,7,17+,Petualangan
Goemon,2009,Jepang,6.7,17+,Petualangan
Dororo,2007,Jepang,6.5,13+,Petualangan
Casshern,2004,Jepang,6.1,17+,Petualangan
The Princess Blade,2001,Jepang,6,17+,Petualangan
Samurai Marathon,2019,Jepang,6.2,13+,Petualangan
Sword of the Stranger,2007,Jepang,7.8,17+,Petualangan
Lady Snowblood,1973,Jepang,7.7,17+,Petualangan
Lone Wolf and Cub: Sword of Vengeance,1972,Jepang,7.8,17+,Petualangan
The Good the Bad the Weird,2008,Korea,7.3,Petualangan
The Admiral: Roaring Currents,2014,Korea,7.1,13+,Petualangan
The Pirates,2014,Korea,6.7,13+,Petualangan
The Pirates: The Last Royal Treasure,2022,Korea,6.1,13+,Petualangan
War of the Arrows,2011,Korea,7.2,17+,Petualangan
The Outlaws,2017,Korea,7.2,17+,Petualangan
The Outlaws 2,2022,Korea,7,17+,Petualangan
The Suspect,2013,Korea,6.9,17+,Petualangan
The Berlin File,2013,Korea,6.6,17+,Petualangan
The Man from Nowhere,2010,Korea,7.8,17+,Petualangan
A Company Man,2012,Korea,6.7,17+,Petualangan
Secretly,Greatly,2013,Korea,6.8,13+,Petualangan
Fabricated City,2017,Korea,6.9,13+,Petualangan
The Thieves,2012,Korea,6.8,17+,Petualangan
Assassination,2015,Korea,7.3,17+,Petualangan
The Age of Shadows,2016,Korea,7.1,17+,Petualangan
The Fortress,2017,Korea,7,13+,Petualangan
The Battleship Island,2017,Korea,7.1,17+,Petualangan
The Great Battle,2018,Korea,6.9,13+,Petualangan
The Divine Move,2014,Korea,6.7,17+,Petualangan
Raiders of the Lost Ark,1981,AS,8.4,13+,Petualangan
Indiana Jones and the Last Crusade,1989,AS,8.2,13+,Petualangan
The Lord of the Rings: The Fellowship of the Ring,2001,Selandia Baru/AS,8.8,13+,Petualangan
The Lord of the Rings: The Two Towers,2002,Selandia Baru/AS,8.7,13+,Petualangan
The Lord of the Rings: The Return of the King,2003,Selandia Baru/AS,9,13+,Petualangan
Pirates of the Caribbean: The Curse of the Black Pearl,2003,AS,8.1,13+,Petualangan
Pirates of the Caribbean: Dead Man's Chest,2006,AS,7.3,13+,Petualangan
Pirates of the Caribbean: At World's End,2007,AS,7.1,13+,Petualangan
The Revenant,2015,AS,8,17+,Petualangan
Mad Max: Fury Road,2015,Australia,8.1,17+,Petualangan
Life of Pi,2012,AS,7.9,12+,Petualangan
Star Wars: Episode V - The Empire Strikes Back,1980,AS,8.7,10+,Petualangan
Star Wars: Episode VI - Return of the Jedi,1983,AS,8.3,10+,Petualangan
Avatar,2009,AS,7.9,13+,Petualangan
Inception,2010,AS/UK,8.8,13+,Petualangan
The Chronicles of Narnia: The Lion,the Witch and the Wardrobe,2005,UK/AS,6.9,10+,Petualangan
Jungle Cruise,2021,AS,6.6,10+,Petualangan
Jumanji: Welcome to the Jungle,2017,AS,6.9,12+,Petualangan
The Martian,2015,AS,8,13+,Petualangan
Interstellar,2014,AS,8.7,13+,Petualangan
Star Wars: Episode IV - A New Hope,1977,AS,8.6,10+,Petualangan
Crouching Tiger,Hidden Dragon,2000,China,7.8,13+,Petualangan
Hero,2002,China,7.9,13+,Petualangan
House of Flying Daggers,2004,China,7.5,13+,Petualangan
The Great Wall,2016,China,6,13+,Petualangan
Shadow,2018,China,7,17+,Petualangan
Painted Skin,2008,China,6.3,17+,Petualangan
Mojin: The Lost Legend,2015,China,6,13+,Petualangan
Mojin: The Worm Valley,2018,China,4.8,13+,Petualangan
The Monkey King,2014,China,4.9,10+,Petualangan
The Monkey King 2,2016,China,5.9,10+,Petualangan
The Monkey King 3,2018,China,5.4,10+,Petualangan
Journey to the West: Conquering the Demons,2013,China,6.7,13+,Petualangan
Journey to the West: The Demons Strike Back,2017,China,5.4,13+,Petualangan
Detective Dee and the Mystery of the Phantom Flame,2010,China,6.6,13+,Petualangan
Detective Dee: The Four Heavenly Kings,2018,China,6.2,13+,Petualangan
Detective Dee: Rise of the Sea Dragon,2013,China,6.5,13+,Petualangan
Big Fish & Begonia,2016,China,7,10+,Petualangan
White Snake,2019,China,7,13+,Petualangan
Green Snake,2021,China,6.5,13+,Petualangan
A Writer’s Odyssey,2021,China,6.3,13+,Petualangan
Nussa: The Movie,2021,Indonesia,7.2,Semua Usia,Animasi
Si Juki the Movie: Panitia Hari Akhir,2017,Indonesia,7.5,Semua Usia,Animasi
Battle of Surabaya,2015,Indonesia,7,13+,Animasi
Adit Sopo Jarwo: The Movie,2021,Indonesia,6.8,Semua Usia,Animasi
Knight Kris,2017,Indonesia,6.5,Semua Usia,Animasi
Titus: Mystery of the Enygma,2020,Indonesia,6.7,Semua Usia,Animasi
Petualangan Singa Pemberani,2012,Indonesia,6,Semua Usia,Animasi
Meraih Mimpi,2009,Indonesia,6.2,Semua Usia,Animasi
Si Juki the Movie: Harta Pulau Monyet,2022,Indonesia,7,Semua Usia,Animasi
Riki Rhino,2020,Indonesia,6.3,Semua Usia,Animasi
Kiko In The Deep Sea,2023,Indonesia,6.4,Semua Usia,Animasi
Ballerina,2016,Indonesia,6.8,Semua Usia,Animasi
Keluarga Cemara: The Movie,2019,Indonesia,7.8,Semua Usia,Animasi
Dajjal: The Slayer and His Followers,2022,Indonesia,6.9,13+,Animasi
Zanna: Whisper of Volcano Isle,2023,Indonesia,7.1,Semua Usia,Animasi
Jumbo,2025,Indonesia,8.2,Semua Usia,Animasi
Si Unyil: The Movie,2018,Indonesia,6.5,Semua Usia,Animasi
Timun Mas: The Movie,2020,Indonesia,6.7,Semua Usia,Animasi
Laskar Pelangi: The Animation,2019,Indonesia,7,Semua Usia,Animasi
Malin Kundang: The Legend,2018,Indonesia,6.6,Semua Usia,Animasi
Khan Kluay,2006,Thailand,6.1,Semua Usia,Animasi
The Legend of Muay Thai: 9 Satra,2018,Thailand,7.6,13+,Animasi
Yak: The Giant King,2012,Thailand,5.7,Semua Usia,Animasi
The Life of Buddha,2007,Thailand,6.5,Semua Usia,Animasi
Khun Tongdaeng: The Inspirations,2015,Thailand,6.8,Semua Usia,Animasi
The Adventure of Sudsakorn,1979,Thailand,6.4,Semua Usia,Animasi
The Blue Elephant 2,2009,Thailand,6,Semua Usia,Animasi
The Giant King,2012,Thailand,5.8,Semua Usia,Animasi
Echo Planet,2012,Thailand,5.5,Semua Usia,Animasi
Shelldon,2009,Thailand,6.2,Semua Usia,Animasi
The Story of Mahajanaka,2014,Thailand,6.3,Semua Usia,Animasi
The Legend of King Naresuan: The Series,2017,Thailand,7,13+,Animasi
The Adventures of Iron Pussy,2004,Thailand,5.6,17+,Animasi
The Happiness of Kati,2009,Thailand,7.2,Semua Usia,Animasi
The Little Comedian,2010,Thailand,7.3,Semua Usia,Animasi
The Overture,2004,Thailand,7.6,13+,Animasi
The Tin Mine,2005,Thailand,7.3,13+,Animasi
The Unseeable,2006,Thailand,6.5,17+,Animasi
The White Storm,2013,Thailand,6.6,17+,Animasi
The Youth,2014,Thailand,6.4,Semua Usia,Animasi
Spirited Away,2001,Jepang,8.6,Semua Usia,Animasi
Your Name,2016,Jepang,8.4,13+,Animasi
Princess Mononoke,1997,Jepang,8.4,13+,Animasi
Grave of the Fireflies,1988,Jepang,8.5,13+,Animasi
My Neighbor Totoro,1988,Jepang,8.2,Semua Usia,Animasi
Howl's Moving Castle,2004,Jepang,8.2,Semua Usia,Animasi
Akira,1988,Jepang,8,17+,Animasi
Nausicaä of the Valley of the Wind,1984,Jepang,8.1,Semua Usia,Animasi
Ponyo,2008,Jepang,7.7,Semua Usia,Animasi
The Wind Rises,2013,Jepang,7.8,13+,Animasi
Weathering with You,2019,Jepang,7.5,13+,Animasi
Wolf Children,2012,Jepang,8.1,Semua Usia,Animasi
The Tale of the Princess Kaguya,2013,Jepang,8,Semua Usia,Animasi
A Silent Voice,2016,Jepang,8.2,13+,Animasi
The Girl Who Leapt Through Time,2006,Jepang,7.7,Semua Usia,Animasi
Paprika,2006,Jepang,7.7,17+,Animasi
Tokyo Godfathers,2003,Jepang,7.8,13+,Animasi
5 Centimeters per Second,2007,Jepang,7.6,Semua Usia,Animasi
The Secret World of Arrietty,2010,Jepang,7.6,Semua Usia,Animasi
Castle in the Sky,1986,Jepang,8,Semua Usia,Animasi
Seoul Station,2016,Korea Selatan,6.1,17+,Animasi
The King of Pigs,2011,Korea Selatan,6.7,17+,Animasi
Leafie,a Hen into the Wild,2011,Korea Selatan,7.1,Semua Usia,Animasi
The Fake,2013,Korea Selatan,6.8,17+,Animasi
My Beautiful Girl,Mari,2002,Korea Selatan,7,Semua Usia, Animasi
Wonderful Days,2003,Korea Selatan,6.6,13+,Animasi
Yobi,the Five Tailed Fox,2007,Korea Selatan,6.8,Semua Usia,Animasi
Pororo: The Racing Adventure,2013,Korea Selatan,5.8,Semua Usia,Animasi
The Satellite Girl and Milk Cow,2014,Korea Selatan,6.8,Semua Usia,Animasi
The Nut Job,2014,Korea Selatan,5.7,Semua Usia,Animasi
The Road Called Life,2014,Korea Selatan,7.3,Semua Usia,Animasi
Oseam,2003,Korea Selatan,7,Semua Usia,Animasi
Green Days: Dinosaur and I,2011,Korea Selatan,7.1,Semua Usia,Animasi
Padak,2012,Korea Selatan,6.9,13+,Animasi
Aachi & Ssipak,2006,Korea Selatan,6.8,17+,Animasi
Timing,2014,Korea Selatan,6,13+,Animasi
The House,2019,Korea Selatan,6.5,Semua Usia,Animasi
The Shaman Sorceress,2018,Korea Selatan,6.4,13+,Animasi
The Story of Mr. Sorry,2009,Korea Selatan,6.3,13+,Animasi
Frank and Wendy,2005,Korea Selatan,6.2,13+,Animasi
Toy Story,1995,AS,8.3,Semua Usia,Animasi
Finding Nemo,2003,AS,8.1,Semua Usia,Animasi
The Lion King,1994,AS,8.5,Semua Usia,Animasi
Up,2009,AS,8.2,Semua Usia,Animasi
Inside Out,2015,AS,8.1,Semua Usia,Animasi
Coco,2017,AS,8.4,Semua Usia,Animasi
Shrek,2001,AS,7.9,Semua Usia,Animasi
Ratatouille,2007,AS,8.1,Semua Usia,Animasi
The Incredibles,2004,AS,8,Semua Usia,Animasi
WALL·E,2008,AS,8.4,Semua Usia,Animasi
Zootopia,2016,AS,8,Semua Usia,Animasi
Moana,2016,AS,7.6,Semua Usia,Animasi
Frozen,2013,AS,7.4,Semua Usia,Animasi
Tangled,2010,AS,7.7,Semua Usia,Animasi
Brave,2012,AS,7.1,Semua Usia,Animasi
The Lego Movie,2014,AS,7.7,Semua Usia,Animasi
Kung Fu Panda,2008,AS,7.6,Semua Usia,Animasi
Megamind,2010,AS,7.2,Semua Usia,Animasi
Despicable Me,2010,AS,7.6,Semua Usia,Animasi
Puss in Boots: The Last Wish,2022,AS,7.8,Semua Usia,Animasi
The Mitchells vs. the Machines,2021,AS,7.6,Semua Usia,Animasi
Ne Zha,2019,China,7.4,10+,Animasi
Big Fish & Begonia,2016,China,7,10+,Animasi
White Snake,2019,China,7,13+,Animasi
Green Snake,2021,China,6.5,13+,Animasi
Jiang Ziya: Legend of Deification,2020,China,6.4,10+,Animasi
Monkey King: Hero is Back,2015,China,7,10+,Animasi
New Gods: Nezha Reborn,2021,China,6.8,13+,Animasi
New Gods: Yang Jian,2022,China,6.6,13+,Animasi
Boonie Bears: The Wild Life,2021,China,5.6,Semua Usia,Animasi
Boonie Bears: Back to Earth,2022,China,6,Semua Usia,Animasi
Legend of Hei,2019,China,7.2,10+,Animasi
The King of Tibetan Antelope,2009,China,6.2,Semua Usia,Animasi
I Am What I Am,2021,China,7,10+,Animasi
The Guardian Brothers,2016,China,5.4,Semua Usia,Animasi
Tea Pets,2017,China,6.1,Semua Usia,Animasi
Cats and Peachtopia,2018,China,5.9,Semua Usia,Animasi
Kung Food,2018,China,5.1,Semua Usia,Animasi
The Wind Guardians,2018,China,6.1,13+,Animasi
The Tales of Deer King,2021,China,6.3,Semua Usia,Animasi
Dragon Nest: Warriors’ Dawn,2014,China,6.3,10+,Animasi
Soekarno,2013,Indonesia,7.1,13+,Sejarah
Kartini,2017,Indonesia,7.4,13+,Sejarah
Sultan Agung,2018,Indonesia,7,13+,Sejarah
Gie,2005,Indonesia,7.7,13+,Sejarah
Sang Pencerah,2010,Indonesia,7.5,13+,Sejarah
Tjokroaminoto,2015,Indonesia,7.2,13+,Sejarah
Merah Putih,2009,Indonesia,6.8,13+,Sejarah
Darah Garuda,2010,Indonesia,6.5,13+,Sejarah
Hati Merdeka,2011,Indonesia,6.7,13+,Sejarah
Jenderal Soedirman,2015,Indonesia,7.3,13+,Sejarah
Battle of Surabaya,2015,Indonesia,7.1,Semua Usia,Sejarah
Habibie & Ainun,2012,Indonesia,7.5,13+,Sejarah
R.A. Kartini,1984,Indonesia,7,13+,Sejarah
Janur Kuning,1979,Indonesia,6.9,13+,Sejarah
Cut Nyak Dien,1988,Indonesia,7.2,13+,Sejarah
Tjoet Nja' Dhien,1988,Indonesia,7.6,13+,Sejarah
Pahlawan Nasional,2010,Indonesia,6.8,13+,Sejarah
Bung Karno,1970,Indonesia,6.5,13+,Sejarah
Serangan Fajar,1982,Indonesia,6.7,13+,Sejarah
Pengkhianatan G30S/PKI,1984,Indonesia,7,17+,Sejarah
The Legend of Suriyothai,2001,Thailand,6.6,13+,Sejarah
King Naresuan,2007,Thailand,6.5,13+,Sejarah
Bang Rajan,2000,Thailand,6.7,13+,Sejarah
The Overture,2004,Thailand,7.5,13+,Sejarah
The Siam Renaissance,2004,Thailand,6.4,13+,Sejarah
The King Maker,2005,Thailand,5.2,13+,Sejarah
The Tin Mine,2005,Thailand,7.3,13+,Sejarah
The Moonhunter,2001,Thailand,7,13+,Sejarah
The Last Executioner,2014,Thailand,6.4,17+,Sejarah
The Gate of the Ghost,2011,Thailand,6.3,13+,Sejarah
The Queen of Langkasuka,2008,Thailand,5.5,13+,Sejarah
The Legend of King Naresuan: Part II,2007,Thailand,6.3,13+,Sejarah
The Legend of King Naresuan: Part III,2011,Thailand,6.1,13+,Sejarah
The Legend of King Naresuan: Part IV,2011,Thailand,6,13+,Sejarah
The Legend of King Naresuan: Part V,2014,Thailand,5.8,13+,Sejarah
The Legend of King Naresuan: Part VI,2015,Thailand,5.7,13+,Sejarah
The Legend of King Naresuan: Part VII,2016,Thailand,5.6,13+,Sejarah
The Legend of King Naresuan: Part VIII,2017,Thailand,5.5,13+,Sejarah
The Legend of King Naresuan: Part IX,2018,Thailand,5.4,13+,Sejarah
The Legend of King Naresuan: Part X,2019,Thailand,5.3,13+,Sejarah
Seven Samurai,1954,Jepang,8.6,13+,Sejarah
Ran,1985,Jepang,8.2,17+,Sejarah
The Last Samurai,2003,Jepang,7.8,17+,Sejarah
Rurouni Kenshin,2012,Jepang,7.5,13+,Sejarah
13 Assassins,2010,Jepang,7.6,17+,Sejarah
The Twilight Samurai,2002,Jepang,8.1,13+,Sejarah
Harakiri,1962,Jepang,8.7,17+,Sejarah
The Hidden Fortress,1958,Jepang,8.1,13+,Sejarah
Samurai Rebellion,1967,Jepang,8.4,17+,Sejarah
Love and Honor,2006,Jepang,7.7,13+,Sejarah
When the Last Sword Is Drawn,2003,Jepang,7.4,13+,Sejarah
The Sword of Doom,1966,Jepang,8,17+,Sejarah
The 47 Ronin,1941,Jepang,7.6,13+,Sejarah
The 47 Ronin,1994,Jepang,7,13+,Sejarah
The 47 Ronin,2013,Jepang,6.3,13+,Sejarah
The Hidden Blade,2004,Jepang,7.7,13+,Sejarah
Samurai I: Musashi Miyamoto,1954,Jepang,7.5,13+,Sejarah
Samurai II: Duel at Ichijoji Temple,1955,Jepang,7.6,13+,Sejarah
Samurai III: Duel at Ganryu Island,1956,Jepang,7.6,13+,Sejarah
The Fall of Ako Castle,1978,Jepang,7,13+,Sejarah
The Admiral: Roaring Currents,2014,Korea Selatan,7.1,13+,Sejarah
The Fortress,2017,Korea Selatan,7,13+,Sejarah
The Throne,2015,Korea Selatan,7.1,13+,Sejarah
The Great Battle,2018,Korea Selatan,7,13+,Sejarah
War of the Arrows,2011,Korea Selatan,7.2,13+,Sejarah
The King and the Clown,2005,Korea Selatan,7.4,17+,Sejarah
The Face Reader,2013,Korea Selatan,6.9,13+,Sejarah
Masquerade,2012,Korea Selatan,7.8,13+,Sejarah
The Age of Shadows,2016,Korea Selatan,7.1,17+,Sejarah
The Battleship Island,2017,Korea Selatan,7.1,17+,Sejarah
Silmido,2003,Korea Selatan,7,17+,Sejarah
May 18,2007,Korea Selatan,7,17+,Sejarah
The President's Last Bang,2005,Korea Selatan,7,17+,Sejarah
A Taxi Driver,2017,Korea Selatan,7.9,13+,Sejarah
The Spy Gone North,2018,Korea Selatan,7,17+,Sejarah
The Berlin File,2013,Korea Selatan,6.6,17+,Sejarah
Assassination,2015,Korea Selatan,7.3,17+,Sejarah
The Handmaiden,2016,Korea Selatan,8.1,17+,Sejarah
The Man Standing Next,2020,Korea Selatan,7.1,17+,Sejarah
The Book of Fish,2021,Korea Selatan,7.5,13+,Sejarah
Schindler's List,1993,Amerika Serikat,9,17+,Sejarah
12 Years a Slave,2013,Amerika Serikat/Inggris,8.1,17+,Sejarah
The Pianist,2002,Polandia/Prancis/UK,8.5,17+,Sejarah
Lincoln,2012,Amerika Serikat,7.3,13+,Sejarah
Saving Private Ryan,1998,Amerika Serikat,8.6,17+,Sejarah
The King's Speech,2010,Inggris,8,13+,Sejarah
Dunkirk,2017,Inggris/Belanda/Prancis,7.8,13+,Sejarah
Braveheart,1995,Amerika Serikat,8.3,17+,Sejarah
The Imitation Game,2014,Inggris/AS,8,13+,Sejarah
The Theory of Everything,2014,Inggris,7.7,13+,Sejarah
Munich,2005,Amerika Serikat,7.5,17+,Sejarah
Elizabeth,1998,Inggris,7.4,17+,Sejarah
Lawrence of Arabia,1962,Inggris,8.3,13+,Sejarah
Gandhi,1982,India/Inggris,8,13+,Sejarah
Hotel Rwanda,2004,UK/AS/Italia,8.1,17+,Sejarah
The Iron Lady,2011,Inggris/Prancis,6.4,13+,Sejarah
Amadeus,1984,AS,8.3,13+,Sejarah
Selma,2014,Amerika Serikat,7.5,13+,Sejarah
Argo,2012,Amerika Serikat,7.7,13+,Sejarah
The Patriot,2000,Amerika Serikat,7.2,17+,Sejarah
The Last Emperor,1987,China,7.7,13+,Sejarah
The Opium War,1997,China,7,13+,Sejarah
Red Cliff,2008,China,7.4,13+,Sejarah
The Emperor and the Assassin,1998,China,7.2,13+,Sejarah
Mulan: Rise of a Warrior,2009,China,6.6,13+,Sejarah
The Warlords,2007,China,7,17+,Sejarah
Fearless,2006,China,7.6,13+,Sejarah
The Warring States,2011,China,6.1,13+,Sejarah
The Emperor's Shadow,1996,China,6.5,13+,Sejarah
Raise the Red Lantern,1991,China,8.1,17+,Sejarah
The Woman Knight of Mirror Lake,2011,China,6.2,13+,Sejarah
Saving General Yang,2013,China,6.3,13+,Sejarah
The Last Eunuch in China,1987,China,6.5,13+,Sejarah
Lust,Caution,2007,China,7.5,17+,Sejarah
The Founding of a Republic,2009,China,6.7,13+,Sejarah
The Founding of a Party,2011,China,6.2,13+,Sejarah
The Flowers of War,2011,China,7.6,17+,Sejarah
1911,2011,China,6,13+,Sejarah
Beginning of the Great Revival,2011,China,6,13+,Sejarah
The Crossing,2014,China,6,13+,Sejarah
Gundala,2019,Indonesia,6.1,13+,Fantasi
Wiro Sableng: Pendekar Kapak Maut Naga Geni 212,2018,Indonesia,6.4,13+,Fantasi
KKN di Desa Penari,2022,Indonesia,6.2,17+,Fantasi
Ratu Ilmu Hitam,2019,Indonesia,6.6,17+,Fantasi
Perempuan Tanah Jahanam,2019,Indonesia,6.7,17+,Fantasi
Pengabdi Setan,2017,Indonesia,6.6,17+,Fantasi
Danur: I Can See Ghosts,2017,Indonesia,5.4,13+,Fantasi
Asih,2018,Indonesia,5.6,13+,Fantasi
The Queen of Black Magic,1981,Indonesia,6.3,17+,Fantasi
Malam Jumat Kliwon,1986,Indonesia,6,17+,Fantasi
Si Buta dari Gua Hantu,1983,Indonesia,6.5,13+,Fantasi
Tuyul: Part 1,2015,Indonesia,5.2,13+,Fantasi
Pocong 2,2006,Indonesia,5.1,13+,Fantasi
Kuntilanak,2006,Indonesia,5.8,13+,Fantasi
Jelangkung,2001,Indonesia,6.1,13+,Fantasi
Rumah Dara,2009,Indonesia,6.5,17+,Fantasi
The Forbidden Door,2009,Indonesia,6.7,17+,Fantasi
Kala,2007,Indonesia,6.9,17+,Fantasi
Modus Anomali,2012,Indonesia,6.5,17+,Fantasi
The Raid 2,2014,Indonesia,8,17+,Fantasi
Ong-Bak: Muay Thai Warrior,2003,Thailand,7.2,17+,Fantasi
Tom-Yum-Goong,2005,Thailand,7.1,17+,Fantasi
The Legend of Suriyothai,2001,Thailand,6.6,13+,Fantasi
Nang Nak,1999,Thailand,6.9,13+,Fantasi
Pee Mak,2013,Thailand,7.3,13+,Fantasi
The Love of Siam,2007,Thailand,7.8,13+,Fantasi
Shutter,2004,Thailand,7.1,17+,Fantasi
The Eye,2002,Thailand,6.7,17+,Fantasi
4bia,2008,Thailand,6.7,17+,Fantasi
Phobia 2,2009,Thailand,6.6,17+,Fantasi
Art of the Devil,2004,Thailand,5.5,17+,Fantasi
The Victim,2006,Thailand,6.1,17+,Fantasi
The Unseeable,2006,Thailand,6.2,17+,Fantasi
Dorm,2006,Thailand,7,13+,Fantasi
The Promise,2017,Thailand,6.1,13+,Fantasi
Inhuman Kiss,2019,Thailand,6.5,13+,Fantasi
The Medium,2021,Thailand,6.5,17+,Fantasi
The Whole Truth,2021,Thailand,5.5,17+,Fantasi
Ghost Lab,2021,Thailand,5.1,17+,Fantasi
The Maid,2020,Thailand,5.7,17+,Fantasi
Spirited Away,2001,Jepang,8.6,Semua Usia,Fantasi
Princess Mononoke,1997,Jepang,8.4,13+,Fantasi
Howl's Moving Castle,2004,Jepang,8.2,Semua Usia,Fantasi
My Neighbor Totoro,1988,Jepang,8.2,Semua Usia,Fantasi
Nausicaä of the Valley of the Wind,1984,Jepang,8.1,Semua Usia,Fantasi
Laputa: Castle in the Sky,1986,Jepang,8,Semua Usia,Fantasi
Kiki's Delivery Service,1989,Jepang,7.9,Semua Usia,Fantasi
The Tale of the Princess Kaguya,2013,Jepang,8,Semua Usia,Fantasi
Ponyo,2008,Jepang,7.7,Semua Usia,Fantasi
The Wind Rises,2013,Jepang,7.8,13+,Fantasi
Akira,1988,Jepang,8,17+,Fantasi
Paprika,2006,Jepang,7.7,17+,Fantasi
Your Name,2016,Jepang,8.4,13+,Fantasi
Weathering with You,2019,Jepang,7.5,13+,Fantasi
The Girl Who Leapt Through Time,2006,Jepang,7.7,13+,Fantasi
Wolf Children,2012,Jepang,8.1,Semua Usia,Fantasi
The Boy and the Beast,2015,Jepang,7.7,Semua Usia,Fantasi
A Letter to Momo,2011,Jepang,7.3,Semua Usia,Fantasi
Children Who Chase Lost Voices,2011,Jepang,7.2,Semua Usia,Fantasi
The Cat Returns,2002,Jepang,7.2,Semua Usia,Fantasi
Along with the Gods: The Two Worlds,2017,Korea Selatan,7.3,13+,Fantasi
Along with the Gods: The Last 49 Days,2018,Korea Selatan,7.1,13+,Fantasi
The Wailing,2016,Korea Selatan,7.4,17+,Fantasi
The Host,2006,Korea Selatan,7.1,17+,Fantasi
A Werewolf Boy,2012,Korea Selatan,7.3,13+,Fantasi
Secretly,Greatly,2013,Korea Selatan,6.9,13+,Fantasi
The Beauty Inside,2015,Korea Selatan,7.4,13+,Fantasi
Illang: The Wolf Brigade,2018,Korea Selatan,6,17+,Fantasi
The Witch: Part 1. The Subversion,2018,Korea Selatan,7.1,17+,Fantasi
The Witch: Part 2. The Other One,2022,Korea Selatan,6.2,17+,Fantasi
Psychokinesis,2018,Korea Selatan,6.1,13+,Fantasi
Fabricated City,2017,Korea Selatan,6.9,13+,Fantasi
Lucid Dream,2017,Korea Selatan,6.1,13+,Fantasi
Vanishing Time: A Boy Who Returned,2016,Korea Selatan,7.3,13+,Fantasi
The Piper,2015,Korea Selatan,6.4,17+,Fantasi
The Silenced,2015,Korea Selatan,5.8,17+,Fantasi
The Divine Fury,2019,Korea Selatan,6.2,17+,Fantasi
Svaha: The Sixth Finger,2019,Korea Selatan,6.2,17+,Fantasi
The Closet,2020,Korea Selatan,5.7,17+,Fantasi
The Call,2020,Korea Selatan,7.1,17+,Fantasi
The Lord of the Rings: The Fellowship of the Ring,2001,Selandia Baru/AS,8.8,13+,Fantasi
The Lord of the Rings: The Two Towers,2002,Selandia Baru/AS,8.7,13+,Fantasi
The Lord of the Rings: The Return of the King,2003,Selandia Baru/AS,8.9,13+,Fantasi
Harry Potter and the Sorcerer's Stone,2001,Inggris/AS,7.6,Semua Usia,Fantasi
Harry Potter and the Chamber of Secrets,2002,Inggris/AS,7.4,Semua Usia,Fantasi
Harry Potter and the Prisoner of Azkaban,2004,Inggris/AS,7.9,Semua Usia,Fantasi
Harry Potter and the Goblet of Fire,2005,Inggris/AS,7.7,Semua Usia,Fantasi
Harry Potter and the Order of the Phoenix,2007,Inggris/AS,7.5,Semua Usia,Fantasi
Harry Potter and the Half-Blood Prince,2009,Inggris/AS,7.6,Semua Usia,Fantasi
Harry Potter and the Deathly Hallows: Part 1,2010,Inggris/AS,7.7,Semua Usia,Fantasi
Harry Potter and the Deathly Hallows: Part 2,2011,Inggris/AS,8.1,Semua Usia,Fantasi
Fantastic Beasts and Where to Find Them,2016,Inggris/AS,7.3,Semua Usia,Fantasi
Fantastic Beasts: The Crimes of Grindelwald,2018,Inggris/AS,6.5,Semua Usia,Fantasi
Fantastic Beasts: The Secrets of Dumbledore,2022,Inggris/AS,6.2,Semua Usia,Fantasi
The Chronicles of Narnia: The Lion,the Witch and the Wardrobe,2005,Inggris/AS,6.9,Semua Usia,Fantasi
The Chronicles of Narnia: Prince Caspian,2008,Inggris/AS,6.5,Semua Usia,Fantasi
The Chronicles of Narnia: The Voyage of the Dawn Treader,2010,Inggris/AS,6.3,Semua Usia,Fantasi
Pan's Labyrinth,2006,Meksiko/Spanyol,8.2,17+,Fantasi
The Golden Compass,2007,Inggris/AS,6.1,Semua Usia,Fantasi
Stardust,2007,Inggris/AS,7.6,Semua Usia,Fantasi
Ne Zha,2019,China,7.5,Semua Usia,Fantasi
Monkey King: Hero is Back,2015,China,7,Semua Usia,Fantasi
Creation of the Gods I: Kingdom of Storms,2023,China,6.5,13+,Fantasi
A Writer’s Odyssey,2021,China,6.3,13+,Fantasi
The Yin-Yang Master: Dream of Eternity,2020,China,6.2,13+,Fantasi
New Gods: Nezha Reborn,2021,China,6.9,13+,Fantasi
Jiang Ziya,2020,China,6.4,Semua Usia,Fantasi
The Mermaid,2016,China,6.2,13+,Fantasi
Legend of the Naga Pearls,2017,China,5.4,13+,Fantasi
The Thousand Faces of Dunjia,2017,China,5.3,13+,Fantasi
League of Gods,2016,China,4.7,13+,Fantasi
L.O.R.D: Legend of Ravaging Dynasties,2016,China,4.8,13+,Fantasi
The Sorcerer and the White Snake,2011,China,5.9,13+,Fantasi
Painted Skin,2008,China,6.3,17+,Fantasi
Mojin: The Lost Legend,2015,China,6,13+,Fantasi
Zu Warriors,2001,China,5.1,13+,Fantasi
The Storm Warriors,2009,China,5.3,13+,Fantasi
Deep Sea,2023,China,7,Semua Usia,Fantasi
The Monkey King,2014,China,4.9,13+,Fantasi
The White Haired Witch of Lunar Kingdom,2014,China,5.3,13+,Fantasi
Laskar Pelangi,2008,Indonesia,7.9,10+,Drama
Ada Apa dengan Cinta?,2002,Indonesia,7.8,13+,Drama
27 Steps of May,2018,Indonesia,7.6,17+,Drama
Marlina si Pembunuh dalam Empat Babak,2017,Indonesia,7.2,17+,Drama
Keluarga Cemara,2019,Indonesia,7.8,7+,Drama
Surat dari Praha,2016,Indonesia,7.6,13+,Drama
Athirah,2016,Indonesia,7.3,13+,Drama
A Copy of My Mind,2015,Indonesia,7.0,17+,Drama
Sokola Rimba,2013,Indonesia,7.5,10+,Drama
Habibie & Ainun,2012,Indonesia,7.5,10+,Drama
Perempuan Tanah Jahanam,2019,Indonesia,6.7,17+,Drama
Tjoet Nja’ Dhien,1988,Indonesia,8.3,13+,Drama
Guru Bangsa: Tjokroaminoto,2015,Indonesia,7.4,13+,Drama
Dua Garis Biru,2019,Indonesia,7.3,13+,Drama
Yuni,2021,Indonesia,7.4,13+,Drama
Bumi Manusia,2019,Indonesia,6.8,13+,Drama
Cinta Pertama,Kedua & Ketiga,2021,Indonesia,7.5,13+,Drama
Seperti Dendam,Rindu Harus Dibayar Tuntas,2021,Indonesia,7.1,18+,Drama
Kucumbu Tubuh Indahku,2018,Indonesia,7.2,17+,Drama
Kembang Semusim,2023,Indonesia,7.0,13+,Drama
Bad Genius,2017,Thailand,7.6,13+,Drama
The Teacher's Diary,2014,Thailand,7.9,13+,Drama
Hope,1997,Thailand,7.8,13+,Drama
Malila: The Farewell Flower,2017,Thailand,6.9,17+,Drama
The Last Executioner,2014,Thailand,6.6,17+,Drama
Jan Dara: The Beginning,2012,Thailand,5.7,21+,Drama
The Moonhunter,2001,Thailand,7.5,17+,Drama
The Road to Mandalay,2016,Thailand,7.0,15+,Drama
By the Time It Gets Dark,2016,Thailand,6.6,17+,Drama
Love of Siam,2007,Thailand,7.8,15+,Drama
Wonderful Town,2007,Thailand,7.1,15+,Drama
The Blue Hour,2015,Thailand,6.1,17+,Drama
Happy Old Year,2019,Thailand,7.2,13+,Drama
One for the Road,2021,Thailand,7.0,15+,Drama
Cemetery of Splendor,2015,Thailand,6.8,17+,Drama
Uncle Boonmee Who Can Recall.,2010,Thailand,6.7,17+,Drama
Tang Wong,2013,Thailand,7.3,13+,Drama
The Master,2014,Thailand,6.8,13+,Drama
Manta Ray,2018,Thailand,6.6,15+,Drama
The Island Funeral,2015,Thailand,6.3,15+,Drama
Nobody Knows,2004,Jepang,8.1,13+,Drama
Shoplifters,2018,Jepang,7.9,15+,Drama
Departures,2008,Jepang,8.0,13+,Drama
Still Walking,2008,Jepang,7.9,13+,Drama
Tokyo Story,1953,Jepang,8.2,13+,Drama
Like Father,Like Son,2013,Jepang,7.7,13+,Drama
After the Storm,2016,Jepang,7.4,13+,Drama
Our Little Sister,2015,Jepang,7.5,13+,Drama
Sweet Bean,2015,Jepang,7.3,13+,Drama
Norwegian Wood,2010,Jepang,6.3,17+,Drama
Confessions,2010,Jepang,7.7,17+,Drama
The Light Shines Only There,2014,Jepang,7.1,17+,Drama
Maborosi,1995,Jepang,7.6,13+,Drama
Harmonium,2016,Jepang,6.7,15+,Drama
A Story of Yonosuke,2013,Jepang,7.2,15+,Drama
The Long Excuse,2016,Jepang,6.9,15+,Drama
Little Forest: Summer/Autumn,2014,Jepang,7.7,13+,Drama
Little Forest: Winter/Spring,2015,Jepang,7.7,13+,Drama
Blue Spring,2001,Jepang,7.2,17+,Drama
All About Lily Chou-Chou,2001,Jepang,7.5,17+,Drama
Mother,2009,Korea,7.8,17+,Drama
Burning,2018,Korea,7.5,18+,Drama
Poetry,2010,Korea,7.8,16+,Drama
Secret Sunshine,2007,Korea,7.5,17+,Drama
Oasis,2002,Korea,7.9,18+,Drama
My Mister (film cut dari drama series),2018,Korea,9.1,16+,Drama
A Moment to Remember,2004,Korea,8.2,13+,Drama
Silenced (The Crucible),2011,Korea,8.1,18+,Drama
Hope,2013,Korea,8.2,17+,Drama
Spring,Summer,Fall,Winter and Spring,2003,Korea,8.0,17+,Drama
The Way Home,2002,Korea,7.8,10+,Drama
Han Gong-ju,2013,Korea,7.7,17+,Drama
Little Forest,2018,Korea,7.2,13+,Drama
Broker,2022,Korea,7.1,15+,Drama
Miracle in Cell No. 7,2013,Korea,8.2,13+,Drama
Punch,2011,Korea,7.4,13+,Drama
The World of Us,2016,Korea,7.5,10+,Drama
When I Turned Nine,2004,Korea,7.5,10+,Drama
The Housemaid,2010,Korea,6.4,18+,Drama
Pieta,2012,Korea,7.1,18+,Drama
The Shawshank Redemption,1994,Barat,9.3,16+,Drama
Forrest Gump,1994,Barat,8.8,13+,Drama
The Pursuit of Happyness,2006,Barat,8.0,13+,Drama
A Beautiful Mind,2001,Barat,8.2,13+,Drama
The Green Mile,1999,Barat,8.6,17+,Drama
Manchester by the Sea,2016,Barat,7.8,17+,Drama
Marriage Story,2019,Barat,7.9,17+,Drama
The Father,2020,Barat,8.2,15+,Drama
Spotlight,2015,Barat,8.1,17+,Drama
The Revenant,2015,Barat,8.0,18+,Drama
Nomadland,2020,Barat,7.3,15+,Drama
Boyhood,2014,Barat,7.9,15+,Drama
Call Me by Your Name,2017,Barat,7.8,17+,Drama
Room,2015,Barat,8.1,17+,Drama
The Pianist,2002,Barat,8.5,17+,Drama
Her,2013,Barat,8.0,17+,Drama
The Whale,2022,Barat,7.7,17+,Drama
12 Years a Slave,2013,Barat,8.1,18+,Drama
Brooklyn,2015,Barat,7.5,13+,Drama
Good Will Hunting,1997,Barat,8.3,17+,Drama
Farewell My Concubine,1993,China,8.0,17+,Drama
To Live,1994,China,8.3,15+,Drama
Still Life,2006,China,7.3,15+,Drama
The Road Home,1999,China,7.8,13+,Drama
Under the Hawthorn Tree,2010,China,7.0,13+,Drama
A Touch of Sin,2013,China,7.1,18+,Drama
Mountain Patrol,2004,China,7.7,15+,Drama
The Blue Kite,1993,China,7.7,15+,Drama
In the Mood for Love (HK/China),2000,China,8.1,15+,Drama
The Story of Qiu Ju,1992,China,7.6,13+,Drama
Raise the Red Lantern,1991,China,8.1,15+,Drama
Better Days,2019,China,7.5,15+,Drama
Dying to Survive,2018,China,8.0,15+,Drama
So Long,My Son,2019,China,7.6,17+
A First Farewell,2018,China,7.0,10+,Drama
24 City,2008,China,6.9,15+,Drama
The Farewell (Chinese-American),2019,China,7.5,13+,Drama
Love Education,2017,China,7.1,13+,Drama
Us and Them,2018,China,7.4,15+,Drama
Coming Home,2014,China,7.2,15+,Drama
Warkop DKI Reborn: Jangkrik Boss! Part 1,2016,Indonesia,6.4,13+,Komedi
Get Married,2007,Indonesia,6.1,13+,Komedi
My Stupid Boss,2016,Indonesia,6.1,13+,Komedi
Eiffel I'm in Love,2003,Indonesia,6.2,13+,Komedi
Ngenest,2015,Indonesia,6.5,15+,Komedi
Kukejar Cinta ke Negeri Cina,2014,Indonesia,5.8,13+,Komedi
Comic 8,2014,Indonesia,5.8,13+,Komedi
Laskar Pelangi (Ada unsur komedi ringan),2008,Indonesia,7.6,13+,Komedi
Susah Sinyal,2017,Indonesia,5.9,13+,Komedi
Cek Toko Sebelah,2016,Indonesia,7.1,13+,Komedi
Sabtu Bersama Bapak,2016,Indonesia,7.5,13+,Komedi
Kapan Kawin?,2015,Indonesia,6.1,13+,Komedi
Yowis Ben,2018,Indonesia,6.4,13+,Komedi
Warkop DKI Reborn: Jangkrik Boss! Part 2,2017,Indonesia,6.3,13+,Komedi
Cek Toko Sebelah 2,2019,Indonesia,7.0,13+,Komedi
Filosofi Kopi,2015,Indonesia,7.4,13+,Komedi
Keluarga Cemara (komedi ringan),2019,Indonesia,7.1,13+,Komedi
Janji Joni,2005,Indonesia,7.1,13+,Komedi
Soekarno (komedi ringan),2013,Indonesia,7.2,13+,Komedi
Nanti Kita Cerita Tentang Hari Ini (komedi ringan),2020,Indonesia,7.2,13+,Komedi
Pee Mak,2013,Thailand,7.3,13+,Komedi
ATM: Er Rak Error,2012,Thailand,6.5,13+,Komedi
SuckSeed,2011,Thailand,7.2,13+,Komedi
Hello Stranger,2010,Thailand,7.0,13+,Komedi
May Who?,2015,Thailand,7.0,13+,Komedi
One Day,2016,Thailand,7.1,13+,Komedi
Crazy Little Thing Called Love,2010,Thailand,7.1,13+,Komedi
I Fine..Thank You..Love You,2014,Thailand,7.2,13+,Komedi
SuckSeed,2011,Thailand,7.2,13+,Komedi
I Fine...Thank You...Love You,2014,Thailand,7.2,13+,Komedi
Low Season,2008,Thailand,6.6,13+,Komedi
Hello Stranger,2010,Thailand,7.0,13+,Komedi
ATM: Er Rak Error,2012,Thailand,6.5,13+,Komedi
Love's Coming,2014,Thailand,7.1,13+,Komedi
Home,2012,Thailand,6.9,13+,Komedi
Bangkok Traffic Love Story,2009,Thailand,6.8,13+,Komedi
First Love,2010,Thailand,6.7,13+,Komedi
SuckSeed,2011,Thailand,7.2,13+,Komedi
The Billionaire,2011,Thailand,7.1,13+,Komedi
The Little Comedian,2010,Thailand,6.9,13+,Komedi
Tampopo,1985,Jepang,7.9,13+,Komedi
Waterboys,2001,Jepang,7.1,13+,Komedi
Swing Girls,2004,Jepang,7.5,13+,Komedi
My Neighbor Totoro (komedi & fantasi),1988,Jepang,8.2,10+,Komedi
Shall We Dance?,1996,Jepang,7.6,13+,Komedi
Kamome Diner,2006,Jepang,7.2,13+,Komedi
The Great Passage,2013,Jepang,7.3,13+,Komedi
Little Forest,2014,Jepang,7.7,13+,Komedi
Little Forest: Winter/ Spring,2015,Jepang,7.7,13+,Komedi
Thermae Romae,2012,Jepang,6.5,13+,Komedi
The Family Game,1983,Jepang,7.5,13+,Komedi
The Taste of Tea,2004,Jepang,7.2,13+,Komedi
Always: Sunset on Third Street,2005,Jepang,7.6,13+,Komedi
Swing Girls,2004,Jepang,7.5,13+,Komedi
Maiko Haaaan!!!,2007,Jepang,6.2,13+,Komedi
Linda Linda Linda,2005,Jepang,7.2,13+,Komedi
Kamikaze Girls,2004,Jepang,7.2,13+,Komedi
My Boss My Hero,2006,Jepang,6.7,13+,Komedi
Shall We Dance?,1996,Jepang,7.6,13+,Komedi
Sakamichi no Apollon,2014,Jepang,7.7,13+,Komedi
Miracle in Cell No. 7,2013,Korea,8.2,13+,Komedi
Sunny,2011,Korea,7.7,13+,Komedi
Miss Granny,2014,Korea,7.9,13+,Komedi
Extreme Job,2019,Korea,7.0,13+,Komedi
Welcome to Dongmakgol,2005,Korea,7.8,13+,Komedi
Miss & Mrs. Cops,2019,Korea,6.2,15+,Komedi
Luck-Key,2016,Korea,6.9,13+,Komedi
My Sassy Girl,2001,Korea,7.3,13+,Komedi
Sunny,2011,Korea,7.7,13+,Komedi
What a Man Wants,2018,Korea,6.3,15+,Komedi
Queen of Walking,2018,Korea,6.6,15+,Komedi
Scandal Makers,2008,Korea,7.4,13+,Komedi
The Outlaws,2017,Korea,7.1,15+,Komedi
Miss & Mrs. Cops,2019,Korea,6.2,15+,Komedi
On Your Wedding Day,2018,Korea,7.0,13+,Komedi
My Annoying Brother,2016,Korea,7.3,13+,Komedi
Spellbound,2011,Korea,6.7,13+,Komedi
Sunny Again Tomorrow,2018,Korea,6.2,13+,Komedi
200 Pounds Beauty,2006,Korea,7.0,13+,Komedi
The Accidental Detective,2015,Korea,6.7,15+,Komedi
The Grand Budapest Hotel,2014,Barat,8.1,15+,Komedi
Superbad,2007,Barat,7.6,17+,Komedi
Groundhog Day,1993,Barat,8.0,13+,Komedi
Ferris Bueller's Day Off,1986,Barat,7.8,13+,Komedi
The Hangover,2009,Barat,7.7,17+,Komedi
Bridesmaids,2011,Barat,6.8,17+,Komedi
The 40-Year-Old Virgin,2005,Barat,7.1,17+,Komedi
Step Brothers,2008,Barat,6.9,17+,Komedi
Shaun of the Dead,2004,Barat,7.9,17+,Komedi
Tropic Thunder,2008,Barat,7.0,17+,Komedi
Anchorman,2004,Barat,7.2,17+,Komedi
Mean Girls,2004,Barat,7.0,13+,Komedi
Pitch Perfect,2012,Barat,7.1,13+,Komedi
21 Jump Street,2012,Barat,7.2,17+,Komedi
Zombieland,2009,Barat,7.6,17+,Komedi
The Proposal,2009,Barat,6.7,13+,Komedi
Crazy Rich Asians,2018,Barat,6.9,13+,Komedi
Jumanji: Welcome to the Jungle,2017,Barat,6.9,13+,Komedi
Deadpool,2016,Barat,8.0,17+,Komedi
The Intouchables,2011,Barat,8.5,13+,Komedi
Lost in Thailand,2012,China,6.5,13+,Komedi
Goodbye Mr. Loser,2015,China,6.3,13+,Komedi
Breakup Buddies,2014,China,6.5,13+,Komedi
Crazy Stone,2006,China,7.4,13+,Komedi
Hello Mr. Billionaire,2018,China,5.7,13+,Komedi
Never Say Die,2017,China,5.8,13+,Komedi
The Mermaid,2016,China,6.0,13+,Komedi
Cook Up a Storm,2017,China,5.6,13+,Komedi
The King of Comedy,1999,China,7.2,13+,Komedi
Crazy Racer,2009,China,6.8,13+,Komedi
Lost in Hong Kong,2015,China,6.1,13+,Komedi
The Island,2018,China,6.4,13+,Komedi
Hello Mr. Billionaire,2018,China,5.7,13+,Komedi
Goodbye Mr. Loser,2015,China,6.3,13+,Komedi
Breakup Buddies,2014,China,6.5,13+,Komedi
The Wandering Earth,2019,China,6.0,13+,Komedi
Monster Hunt,2015,China,6.0,13+,Komedi
Detective Chinatown,2015,China,6.3,13+,Komedi
Lost in Beijing,2007,China,6.1,15+,Komedi
Mr. Six,2015,China,6.6,15+,Komedi
Ada Apa dengan Cinta?,2002,Indonesia,7.3,13+,Romance
Dilan 1990,2018,Indonesia,7.0,13+,Romance
Eiffel I'm in Love,2003,Indonesia,6.2,13+,Romance
Critical Eleven,2017,Indonesia,6.5,13+,Romance
Love for Sale,2018,Indonesia,6.1,15+,Romance
Surga yang Tak Dirindukan,2015,Indonesia,6.3,15+,Romance
Tentang Rindu,2017,Indonesia,6.1,15+,Romance
Habibie & Ainun,2012,Indonesia,7.6,13+,Romance
Catatan Dodol Calon Dokter,2017,Indonesia,6.2,13+,Romance
Janji Joni,2005,Indonesia,7.1,13+,Romance
Love Story,2019,Indonesia,6.3,15+,Romance
Teman Tapi Menikah,2018,Indonesia,6.5,13+,Romance
5 cm,2012,Indonesia,6.6,13+,Romance
Sweet 20,2017,Indonesia,6.2,13+,Romance
Ayat-Ayat Cinta,2008,Indonesia,6.1,15+,Romance
Love for Sale 2,2020,Indonesia,6.0,15+,Romance
Love You... Love You Not,2016,Indonesia,6.2,13+,Romance
Mariposa,2020,Indonesia,6.1,13+,Romance
Filosofi Kopi,2015,Indonesia,7.4,13+,Romance
Surat untukmu,2016,Indonesia,6.0,13+,Romance
Crazy Little Thing Called Love,2010,Thailand,7.1,13+,Romance
Hello Stranger,2010,Thailand,7.0,13+,Romance
Love of Siam,2007,Thailand,7.6,15+,Romance
May Who?,2015,Thailand,7.0,13+,Romance
One Day,2016,Thailand,7.1,13+,Romance
In the Mood for Love,2000,Thailand,8.1,15+,Romance
The Love of Siam,2007,Thailand,7.6,15+,Romance
Bangkok Traffic Love Story,2009,Thailand,6.8,13+,Romance
Suddenly It's Magic,2012,Thailand,5.8,13+,Romance
The Teacher's Diary,2014,Thailand,7.2,13+,Romance
First Love,2010,Thailand,6.7,13+,Romance
Yes or No,2010,Thailand,6.7,15+,Romance
SuckSeed,2011,Thailand,7.2,13+,Romance
A Little Thing Called Love,2010,Thailand,7.1,13+,Romance
Love’s Coming,2014,Thailand,7.1,13+,Romance
Friend Zone,2019,Thailand,6.4,13+,Romance
Timeline,2014,Thailand,6.2,13+,Romance
Brother of the Year,2018,Thailand,7.1,13+,Romance
The Teacher's Diary,2014,Thailand,7.2,13+,Romance
Bangkok Love Story,2007,Thailand,6.3,15+,Romance
Your Name (Kimi no Na wa),2016,Jepang,8.4,13+,Romance
Love Letter,1995,Jepang,7.6,13+,Romance
My Tomorrow,Your Yesterday,2016,Jepang,7.3,13+,Romance
The Girl Who Leapt Through Time,2006,Jepang,7.7,13+,Romance
Josee,the Tiger and the Fish,2020,Jepang,7.5,13+,Romance
Whisper of the Heart,1995,Jepang,7.9,13+,Romance
From Me to You (Kimi ni Todoke),2010,Jepang,7.4,13+,Romance
Heaven's Door,2009,Jepang,6.9,13+,Romance
I Give My First Love to You,2009,Jepang,6.9,13+,Romance
Orange,2015,Jepang,7.2,13+,Romance
Boys Over Flowers,1995,Jepang,7.2,13+,Romance
My Love Story!!,2015,Jepang,7.4,13+,Romance
5 Centimeters per Second,2007,Jepang,7.6,13+,Romance
Nana,2005,Jepang,7.1,13+,Romance
Paradise Kiss,2011,Jepang,6.5,13+,Romance
"Say ""I Love You"",2014,Jepang,7.0,13+,Romance"
Heaven's Story,2010,Jepang,6.6,15+,Romance
Sekai no Chuushin de,Ai wo Sakebu,2004,Jepang,7.5,13+,Romance
Koizora,2007,Jepang,7.1,15+,Romance
Love and Honor,2006,Jepang,7.2,13+,Romance
A Moment to Remember,2004,Korea,8.1,13+,Romance
The Classic,2003,Korea,7.8,13+,Romance
My Sassy Girl,2001,Korea,7.3,13+,Romance
Always,2011,Korea,7.7,13+,Romance
Architecture 101,2012,Korea,7.9,13+,Romance
Be With You,2018,Korea,7.3,13+,Romance
The Beauty Inside,2015,Korea,7.3,13+,Romance
Tune in for Love,2019,Korea,7.3,13+,Romance
On Your Wedding Day,2018,Korea,7.0,13+,Romance
Love,Lies,2016,Korea,6.9,15+,Romance
Mood of the Day,2016,Korea,6.5,13+,Romance
My Love,My Bride,2014,Korea,7.1,13+,Romance
The Handmaiden,2016,Korea,8.1,17+,Romance
Il Mare,2000,Korea,7.6,13+,Romance
My Little Bride,2004,Korea,6.9,13+,Romance
Secret Love,2010,Korea,7.0,13+,Romance
Spellbound,2011,Korea,6.7,13+,Romance
Finding Mr. Destiny,2010,Korea,6.8,13+,Romance
More Than Blue,2009,Korea,7.0,13+,Romance
A Werewolf Boy,2012,Korea,7.2,13+,Romance
The Notebook,2004,Barat,7.8,13+,Romance
Titanic,1997,Barat,7.8,13+,Romance
La La Land,2016,Barat,8.0,13+,Romance
Pride and Prejudice,2005,Barat,7.8,13+,Romance
Eternal Sunshine of the Spotless Mind,2004,Barat,8.3,13+,Romance
Romeo + Juliet,1996,Barat,6.7,13+,Romance
A Walk to Remember,2002,Barat,7.4,13+,Romance
Before Sunrise,1995,Barat,8.1,13+,Romance
Silver Linings Playbook,2012,Barat,7.7,13+,Romance
500 Days of Summer,2009,Barat,7.7,13+,Romance
Call Me by Your Name,2017,Barat,7.8,17+,Romance
Me Before You,2016,Barat,7.4,13+,Romance
The Fault in Our Stars,2014,Barat,7.7,13+,Romance
About Time,2013,Barat,7.8,13+,Romance
Love,Simon,2018,Barat,7.5,13+,Romance
Notting Hill,1999,Barat,7.1,13+,Romance
Pretty Woman,1990,Barat,7.1,13+,Romance
Love Actually,2003,Barat,7.6,13+,Romance
The Vow,2012,Barat,6.8,13+,Romance
To All the Boys I’ve Loved Before,2018,Barat,7.0,13+,Romance
Us and Them,2018,China,7.3,13+,Romance
Soul Mate,2016,China,7.3,15+,Romance
Love O2O,2016,China,7.4,13+,Romance
Somewhere Only We Know,2015,China,6.5,13+,Romance
The Left Ear,2015,China,6.3,15+,Romance
Fleet of Time,2014,China,6.6,13+,Romance
The Crossing,2014,China,6.3,15+,Romance
The Stolen Years,2013,China,6.5,13+,Romance
So Young,2013,China,6.9,13+,Romance
Fall in Love at First Kiss,2019,China,6.2,13+,Romance
Suddenly Seventeen,2016,China,6.4,13+,Romance
Forever Young,2015,China,6.5,13+,Romance
First Time,2012,China,6.6,13+,Romance
The Third Way of Love,2015,China,6.0,15+,Romance
Love You Forever,2020,China,6.3,13+,Romance
Cry Me a Sad River,2018,China,6.4,15+,Romance
A Little Red Flower,2020,China,7.2,13+,Romance
Better Days,2019,China,7.5,15+,Romance
Under the Hawthorn Tree,2010,China,7.2,13+,Romance
My Old Classmate,2014,China,6.8,13+,Romance
Petualangan Sherina,2000,Indonesia,7.9,Semua Usia,Musical
Ada Apa dengan Cinta? 2 (Musical Short),2016,Indonesia,7.1,13+,Musical
Naura & Genk Juara,2017,Indonesia,7.3,Semua Usia,Musical
Doremi & You,2019,Indonesia,7.0,Semua Usia,Musical
Kulari ke Pantai,2018,Indonesia,7.2,Semua Usia,Musical
Tanah Air Beta,2010,Indonesia,6.8,Semua Usia,Musical
Di Bawah Lindungan Ka'bah,2011,Indonesia,7.1,13+,Musical
Aach... Aku Jatuh Cinta,2016,Indonesia,6.4,13+,Musical
5 Elang,2011,Indonesia,7.0,Semua Usia,Musical
Hafalan Shalat Delisa,2011,Indonesia,7.5,Semua Usia,Musical
Laskar Pelangi,2008,Indonesia,7.8,Semua Usia,Musical
Sang Pemimpi,2009,Indonesia,7.5,Semua Usia,Musical
Negeri 5 Menara,2012,Indonesia,7.1,13+,Musical
Habibie & Ainun,2012,Indonesia,7.7,13+,Musical
Hujan Bulan Juni,2017,Indonesia,6.5,13+,Musical
Sepatu Dahlan,2014,Indonesia,7.0,Semua Usia,Musical
Si Doel the Movie,2018,Indonesia,6.8,13+,Musical
The Sacred Riana: Beginning,2019,Indonesia,6.2,15+,Musical
Keluarga Cemara,2019,Indonesia,7.6,Semua Usia,Musical
Virgo and The Sparklings,2023,Indonesia,6.5,13+,Musical
The Over+C382+H382:I401,2004,Thailand,7.6,13+,Musical
Bangkok Traffic (Love) Story,2009,Thailand,6.9,13+,Musical
SuckSeed,2011,Thailand,7.5,13+,Musical
The Teacher's Diary,2014,Thailand,7.9,13+,Musical
Rock On!,2007,Thailand,6.3,13+,Musical
Still on My Mind,2004,Thailand,7.4,13+,Musical
The Melody,2012,Thailand,6.6,13+,Musical
Final Score,2007,Thailand,6.2,13+,Musical
Season Change,2006,Thailand,7.7,13+,Musical
Me… Myself,2007,Thailand,7.2,15+,Musical
Love of Siam,2007,Thailand,7.7,15+,Musical
The Story of Mahajanaka,2014,Thailand,7.0,Semua Usia,Musical
Siam Renaissance,2004,Thailand,6.8,13+,Musical
The Sound of Siam,2013,Thailand,6.5,13+,Musical
Backstage,2021,Thailand,6.9,13+,Musical
Love Songs Love Series: The Song,2016,Thailand,7.0,13+,Musical
May Who?,2015,Thailand,7.0,13+,Musical
Music Love,2006,Thailand,6.8,13+,Musical
Back to the 90s,2015,Thailand,7.0,13+,Musical
Classic Again,2020,Thailand,6.3,13+,Musical
Nodame Cantabile: The Movie I,2009,Jepang,7.1,13+,Musical
Nodame Cantabile: The Movie II,2010,Jepang,7.4,13+,Musical
Beck,2010,Jepang,7.4,13+,Musical
Nana,2005,Jepang,7.1,13+,Musical
Nana 2,2006,Jepang,6.5,13+,Musical
Detroit Metal City,2008,Jepang,6.7,15+,Musical
Given: The Movie,2020,Jepang,7.8,13+,Musical
Your Lie in April (Live Action),2016,Jepang,7.0,13+,Musical
Listen to My Heart,2011,Jepang,7.1,13+,Musical
The Liar and His Lover,2013,Jepang,6.7,13+,Musical
Love Live! The School Idol Movie,2015,Jepang,7.1,Semua Usia,Musical
Sound! Euphonium: The Movie,2016,Jepang,7.0,Semua Usia,Musical
K-On! The Movie,2011,Jepang,7.6,Semua Usia,Musical
Anonymous Noise,2017,Jepang,6.1,13+,Musical
Black Fox: Age of the Ninja,2019,Jepang,6.4,13+,Musical
Shindo,2007,Jepang,6.7,13+,Musical
L: Change the World,2008,Jepang,6.1,15+,Musical
I Wanna Hold Aono-kun So Badly I Could Die,2022,Jepang,7.0,13+,Musical
Our 30-Minute Sessions,2020,Jepang,6.8,13+,Musical
Little Maestra,2012,Jepang,6.5,13+,Musical
Once in a Summer,2006,Korea,7.3,13+,Musical
The Box,2021,Korea,6.2,13+,Musical
Hero,2022,Korea,7.3,13+,Musical
Go Go 70s,2008,Korea,6.9,13+,Musical
Highway Star,2007,Korea,6.8,13+,Musical
Papa,2012,Korea,6.5,13+,Musical
C’est Si Bon,2015,Korea,6.1,13+,Musical
The Sound of a Flower,2015,Korea,6.4,13+,Musical
Born to Sing,2013,Korea,6.5,13+,Musical
My Paparotti,2013,Korea,7.1,13+,Musical
Love Forecast,2015,Korea,6.7,13+,Musical
The Harmonium in My Memory,1999,Korea,7.5,13+,Musical
Once Upon a Time in High School,2004,Korea,7.4,15+,Musical
The Beat Goes On,2015,Korea,7.0,13+,Musical
White: Melody of Death,2011,Korea,6.0,15+,Musical
Mr. Idol,2011,Korea,6.0,13+,Musical
What is Love?,1992,Korea,7.2,15+,Musical
The Liar and His Lover (Remake),2017,Korea,6.8,13+,Musical
Dream High: The Movie,2011,Korea,7.2,13+,Musical
Sing Again,Hera Gu,2015,Korea,6.9,13+
The S+C442+F442:G461+F442:G461,1965,Barat,8.1,Semua Usia,Musical
La La Land,2016,Barat,8.0,13+,Musical
Moulin Rouge!,2001,Barat,7.6,13+,Musical
Les Misérables,2012,Barat,7.5,13+,Musical
The Greatest Showman,2017,Barat,7.5,Semua Usia,Musical
Grease,1978,Barat,7.2,13+,Musical
Mamma Mia!,2008,Barat,6.5,13+,Musical
Mamma Mia! Here We Go Again,2018,Barat,6.6,13+,Musical
Chicago,2002,Barat,7.2,15+,Musical
West Side Story,1961,Barat,7.6,13+,Musical
West Side Story (Remake),2021,Barat,7.2,13+,Musical
Tick,Tick... Boom!,2021,Barat,7.5,13+,Musical
Rocketman,2019,Barat,7.3,15+,Musical
Bohemian Rhapsody,2018,Barat,7.9,13+,Musical
Into the Woods,2014,Barat,5.9,13+,Musical
Enchanted,2007,Barat,7.0,Semua Usia,Musical
Annie,1982,Barat,6.6,Semua Usia,Musical
High School Musical,2006,Barat,5.5,Semua Usia,Musical
Sing Street,2016,Barat,7.9,13+,Musical
Pitch Perfect,2012,Barat,7.1,13+,Musical
Perhaps Love,2005,China,6.9,13+,Musical
The Road Home,1999,China,7.8,Semua Usia,Musical
The Butterfly Lovers,2008,China,6.6,13+,Musical
Forever Enthralled,2008,China,6.8,13+,Musical
Painted Skin: The Resurrection,2012,China,6.2,15+,Musical
Diva,2012,China,5.6,13+,Musical
Crazy Singer,2016,China,6.0,13+,Musical
My Old Classmate,2014,China,7.2,13+,Musical
Youth,2017,China,7.0,15+,Musical
Secret,2007,China,7.5,13+,Musical
The White Haired Witch of Lunar Kingdom,2014,China,5.5,13+,Musical
77 Heartwarmings,2021,China,6.2,13+,Musical
Monster Hunt,2015,China,6.7,Semua Usia,Musical
Song of the Phoenix,2013,China,7.2,13+,Musical
The Piano in a Factory,2010,China,7.3,13+,Musical
Music Life,2019,China,6.3,13+,Musical
The Legend of 1900 (Mandarin dub),1998,China,8.0,13+,Musical
Kung Fu Hip-Hop,2008,China,5.3,13+,Musical
Rock Hero,2015,China,6.0,13+,Musical
Crazy Little Thing Called Love (Mandarin Version),2010,China,7.5,13+,Musical
The Raid,2011,Indonesia,7.6,18+,Kriminal
Headshot,2016,Indonesia,6.3,17+,Kriminal
Night Bus,2017,Indonesia,7.1,17+,Kriminal
Arisan!,2003,Indonesia,6.5,13+,Kriminal
Marlina the Murderer in Four Acts,2017,Indonesia,6.2,17+,Kriminal
Killers,2014,Indonesia,6.4,18+,Kriminal
Rumah Dara (Macabre),2009,Indonesia,6.5,18+,Kriminal
Sebelum Iblis Menjemput,2018,Indonesia,6.3,17+,Kriminal
Modus Anomali,2012,Indonesia,5.2,17+,Kriminal
Pintu Terlarang,2009,Indonesia,6.6,17+,Kriminal
Tarian Lengger Maut,2015,Indonesia,5.9,17+,Kriminal
Rumah Kentang,2012,Indonesia,5.4,13+,Kriminal
The Doll,2016,Indonesia,5.3,13+,Kriminal
Gundala,2019,Indonesia,6.1,13+,Kriminal
The Doll 2,2017,Indonesia,5.5,13+,Kriminal
Bangkit!,2019,Indonesia,6.2,13+,Kriminal
3 Dara,2015,Indonesia,5.6,13+,Kriminal
Sebelum Iblis Menjemput Ayat 2,2020,Indonesia,6.0,17+,Kriminal
Perempuan Tanah Jahanam,2019,Indonesia,6.8,18+,Kriminal
Foxtrot Six,2019,Indonesia,6.3,17+,Kriminal
Bad Genius,2017,Thailand,7.6,13+,Kriminal
Countdown,2019,Thailand,6.4,18+,Kriminal
The Swimmers,2019,Thailand,6.4,17+,Kriminal
The Pool,2018,Thailand,5.4,17+,Kriminal
The Maid,2020,Thailand,6.1,17+,Kriminal
The Medium,2021,Thailand,6.6,18+,Kriminal
The Whole Truth,2016,Thailand,5.8,17+,Kriminal
The Island Funeral,2015,Thailand,6.9,17+,Kriminal
The Victim,2019,Thailand,6.3,17+,Kriminal
Bangkok Dangerous,2008,Thailand,6.6,18+,Kriminal
The Eye,2002,Thailand,6.6,17+,Kriminal
Shutter,2004,Thailand,7.1,17+,Kriminal
Alone,2007,Thailand,6.5,17+,Kriminal
Coming Soon,2008,Thailand,6.1,17+,Kriminal
Dorm,2006,Thailand,7.0,13+,Kriminal
Laddaland,2011,Thailand,6.3,17+,Kriminal
Pee Mak,2013,Thailand,7.2,13+,Kriminal
Secret Sunday,2015,Thailand,6.2,17+,Kriminal
Phobia,2008,Thailand,6.7,17+,Kriminal
Phobia 2,2009,Thailand,6.9,17+,Kriminal
Battle Royale,2000,Jepang,7.6,17+,Kriminal
Ringu,1998,Jepang,7.2,17+,Kriminal
Ju-On,2002,Jepang,6.7,17+,Kriminal
Cure,1997,Jepang,7.4,17+,Kriminal
Audition,1999,Jepang,7.2,18+,Kriminal
Confessions,2010,Jepang,7.7,17+,Kriminal
Cold Fish,2010,Jepang,7.1,18+,Kriminal
Noroi,2005,Jepang,7.0,17+,Kriminal
The World of Kanako,2014,Jepang,6.6,18+,Kriminal
Monsterz,2014,Jepang,5.1,17+,Kriminal
Ikigami,2008,Jepang,7.1,17+,Kriminal
Retribution,2006,Jepang,6.9,17+,Kriminal
The Third Murder,2017,Jepang,6.7,17+,Kriminal
Villain,2010,Jepang,7.1,17+,Kriminal
The Snow White Murder Case,2014,Jepang,6.7,17+,Kriminal
Parasyte: Part 1,2014,Jepang,6.9,17+,Kriminal
Parasyte: Part 2,2015,Jepang,6.5,17+,Kriminal
Lesson of the Evil,2012,Jepang,6.6,18+,Kriminal
Death Note,2006,Jepang,7.5,13+,Kriminal
13 Assassins,2010,Jepang,7.6,17+,Kriminal
Memories of Murder,2003,Korea,8.1,17+,Kriminal
The Chaser,2008,Korea,7.9,18+,Kriminal
I Saw the Devil,2010,Korea,7.8,18+,Kriminal
The Man from Nowhere,2010,Korea,7.7,17+,Kriminal
Mother,2009,Korea,7.8,17+,Kriminal
The Wailing,2016,Korea,7.4,17+,Kriminal
The Handmaiden,2016,Korea,8.1,18+,Kriminal
Parasite,2019,Korea,8.5,17+,Kriminal
Burning,2018,Korea,7.5,17+,Kriminal
Silenced,2011,Korea,8.1,17+,Kriminal
The Suspect,2013,Korea,6.8,17+,Kriminal
Secretly Greatly,2013,Korea,6.8,17+,Kriminal
Midnight,2021,Korea,6.5,17+,Kriminal
The Terror Live,2013,Korea,7.1,17+,Kriminal
Voice of Silence,2020,Korea,6.9,17+,Kriminal
Time to Hunt,2020,Korea,6.3,17+,Kriminal
Forgotten,2017,Korea,7.4,17+,Kriminal
The Vanished,2018,Korea,6.4,17+,Kriminal
The Call,2020,Korea,7.1,17+,Kriminal
The Bullet Vanishes,2012,China,6.6,17+,Kriminal
The Dead End,2015,China,6.8,17+,Kriminal
Black Coal,Thin Ice,2014,China,6.6,17+,Kriminal
The Looming Storm,2017,China,6.7,17+,Kriminal
Wrath of Silence,2017,China,7.0,17+,Kriminal
The Devotion of Suspect X,2017,China,6.5,17+,Kriminal
Firestorm,2013,China,6.2,17+,Kriminal
Brotherhood of Blades,2014,China,6.7,17+,Kriminal
The Witness,2015,China,5.9,17+,Kriminal
Drug War,2012,China,7.0,17+,Kriminal
The Great Hypnotist,2014,China,6.8,17+,Kriminal
The Taking of Tiger Mountain,2014,China,6.5,17+,Kriminal
Cold War,2012,China,6.6,17+,Kriminal
Cold War II,2016,China,6.5,17+,Kriminal
Detective Chinatown,2015,China,6.6,13+,Kriminal
Silent Witness,2013,China,6.5,17+,Kriminal
Saving Mr. Wu,2015,China,6.7,17+,Kriminal
The Liquidator,2016,China,5.9,17+,Kriminal
Se7en,1995,Barat,8.6,18+,Kriminal
Gone Girl,2014,Barat,8.1,18+,Kriminal
The Girl with the Dragon Tattoo,2011,Barat,7.8,18+,Kriminal
Prisoners,2013,Barat,8.1,18+,Kriminal
Zodiac,2007,Barat,7.7,17+,Kriminal
Nightcrawler,2014,Barat,7.8,18+,Kriminal
The Silence of the Lambs,1991,Barat,8.6,18+,Kriminal
Black Swan,2010,Barat,8.0,18+,Kriminal
No Country for Old Men,2007,Barat,8.2,18+,Kriminal
Mystic River,2003,Barat,7.9,18+,Kriminal
The Departed,2006,Barat,8.5,18+,Kriminal
L.A. Confidential,1997,Barat,8.2,18+,Kriminal
Heat,1995,Barat,8.2,18+,Kriminal
The Usual Suspects,1995,Barat,8.5,17+,Kriminal
Memento,2000,Barat,8.4,17+,Kriminal
Donnie Brasco,1997,Barat,7.8,18+,Kriminal
Lethal Weapon,1987,Barat,7.6,17+,Kriminal
Training Day,2001,Barat,7.7,18+,Kriminal
The French Connection,1971,Barat,7.8,18+,Kriminal
Fargo,1996,Barat,8.1,18+,Kriminal
The Night Comes for Us,2018,Indonesia,7.0,17+,Thriller
Headshot,2016,Indonesia,6.3,17+,Thriller
Foxtrot Six,2019,Indonesia,6.3,17+,Thriller
Killers,2014,Indonesia,6.4,18+,Thriller
Rumah Dara (Macabre),2009,Indonesia,6.5,18+,Thriller
The Raid,2011,Indonesia,7.6,18+,Thriller
The Raid 2,2014,Indonesia,8.0,18+,Thriller
Sebelum Iblis Menjemput,2018,Indonesia,6.3,17+,Thriller
Sebelum Iblis Menjemput Ayat 2,2020,Indonesia,6.0,17+,Thriller
Modus Anomali,2012,Indonesia,5.2,17+,Thriller
Rumah Kentang,2019,Indonesia,5.4,13+,Thriller
3 Dara,2011,Indonesia,5.6,13+,Thriller
Tarian Lengger Maut,2017,Indonesia,5.9,17+,Thriller
Night Bus,2017,Indonesia,7.1,17+,Thriller
The Doll,2016,Indonesia,5.3,13+,Thriller
The Doll 2,2017,Indonesia,5.5,13+,Thriller
Bangkit!,2018,Indonesia,6.2,13+,Thriller
Perempuan Tanah Jahanam,2019,Indonesia,6.8,18+,Thriller
Pintu Terlarang,2009,Indonesia,6.6,17+,Thriller
Gundala,2019,Indonesia,6.1,13+,Thriller
Bad Genius,2017,Thailand,7.6,13+,Thriller
Countdown,2012,Thailand,6.4,18+,Thriller
The Swimmers,2014,Thailand,6.4,17+,Thriller
The Pool,2018,Thailand,5.4,17+,Thriller
The Maid,2020,Thailand,6.1,17+,Thriller
The Medium,2021,Thailand,6.6,18+,Thriller
The Whole Truth,2021,Thailand,5.8,17+,Thriller
The Island Funeral,2015,Thailand,6.9,17+,Thriller
The Victim,2006,Thailand,6.3,17+,Thriller
Bangkok Dangerous,1999,Thailand,6.6,18+,Thriller
The Eye,2002,Thailand,6.6,17+,Thriller
Shutter,2004,Thailand,7.1,17+,Thriller
Alone,2007,Thailand,6.5,17+,Thriller
Coming Soon,2008,Thailand,6.1,17+,Thriller
Dorm,2006,Thailand,7.0,13+,Thriller
Laddaland,2011,Thailand,6.3,17+,Thriller
Pee Mak,2013,Thailand,7.2,13+,Thriller
Secret Sunday,2010,Thailand,6.2,17+,Thriller
Phobia,2008,Thailand,6.7,17+,Thriller
Phobia 2,2009,Thailand,6.9,17+,Thriller
Battle Royale,2000,Jepang,7.6,17+,Thriller
Ringu,1998,Jepang,7.2,17+,Thriller
Ju-On,2002,Jepang,6.7,17+,Thriller
Cure,1997,Jepang,7.4,17+,Thriller
Audition,1999,Jepang,7.2,18+,Thriller
Confessions,2010,Jepang,7.7,17+,Thriller
Cold Fish,2010,Jepang,7.1,18+,Thriller
Noroi,2005,Jepang,7.0,17+,Thriller
The World of Kanako,2014,Jepang,6.6,18+,Thriller
Monsterz,2014,Jepang,5.1,17+,Thriller
Ikigami,2008,Jepang,7.1,17+,Thriller
Retribution,2006,Jepang,6.9,17+,Thriller
The Third Murder,2017,Jepang,6.7,17+,Thriller
Villain,2010,Jepang,7.1,17+,Thriller
The Snow White Murder Case,2014,Jepang,6.7,17+,Thriller
Parasyte: Part 1,2014,Jepang,6.9,17+,Thriller
Parasyte: Part 2,2015,Jepang,6.5,17+,Thriller
Lesson of the Evil,2012,Jepang,6.6,18+,Thriller
Death Note,2006,Jepang,7.5,13+,Thriller
13 Assassins,2010,Jepang,7.6,17+,Thriller
The Bullet Vanishes,2012,China,6.6,17+,Thriller
The Dead End,2015,China,6.8,17+,Thriller
Black Coal,Thin Ice,2014,China,6.6,17+,Thriller
The Looming Storm,2017,China,6.7,17+,Thriller
Wrath of Silence,2017,China,7.0,17+,Thriller
The Devotion of Suspect X,2017,China,6.5,17+,Thriller
Firestorm,2013,China,6.2,17+,Thriller
Brotherhood of Blades,2014,China,6.7,17+,Thriller
The Witness,2015,China,5.9,17+,Thriller
Drug War,2012,China,7.0,17+,Thriller
The Great Hypnotist,2014,China,6.8,17+,Thriller
The Taking of Tiger Mountain,2014,China,6.5,17+,Thriller
Cold War,2012,China,6.6,17+,Thriller
Cold War II,2016,China,6.5,17+,Thriller
Detective Chinatown,2015,China,6.6,13+,Thriller
Silent Witness,2013,China,6.5,17+,Thriller
Saving Mr. Wu,2015,China,6.7,17+,Thriller
The Liquidator,2017,China,5.9,17+,Thriller
Lost in White,2016,China,5.4,17+,Thriller
The Vanished Murderer,2015,China,5.4,17+,Thriller
Memories of Murder,2003,Korea,8.1,17+,Thriller
The Chaser,2008,Korea,7.9,18+,Thriller
I Saw the Devil,2010,Korea,7.8,18+,Thriller
The Man from Nowhere,2010,Korea,7.7,17+,Thriller
Mother,2009,Korea,7.8,17+,Thriller
The Wailing,2016,Korea,7.4,17+,Thriller
The Handmaiden,2016,Korea,8.1,18+,Thriller
Parasite,2019,Korea,8.5,17+,Thriller
Burning,2018,Korea,7.5,17+,Thriller
Silenced,2011,Korea,8.1,17+,Thriller
The Suspect,2013,Korea,6.8,17+,Thriller
Secretly Greatly,2013,Korea,6.8,17+,Thriller
Midnight,2021,Korea,6.5,17+,Thriller
The Terror Live,2013,Korea,7.1,17+,Thriller
Voice of Silence,2020,Korea,6.9,17+,Thriller
Time to Hunt,2020,Korea,6.3,17+,Thriller
Forgotten,2017,Korea,7.4,17+,Thriller
The Vanished,2018,Korea,6.4,17+,Thriller
The Call,2020,Korea,7.1,17+,Thriller
Hide and Seek,2013,Korea,6.5,17+,Thriller
Se7en,1995,Barat,8.6,18+,Thriller
Gone Girl,2014,Barat,8.1,18+,Thriller
The Girl with the Dragon Tattoo,2011,Barat,7.8,18+,Thriller
Prisoners,2013,Barat,8.1,18+,Thriller
Zodiac,2007,Barat,7.7,17+,Thriller
Nightcrawler,2014,Barat,7.8,18+,Thriller
The Silence of the Lambs,1991,Barat,8.6,18+,Thriller
Black Swan,2010,Barat,8.0,18+,Thriller
No Country for Old Men,2007,Barat,8.2,18+,Thriller
Shutter Island,2010,Barat,8.2,17+,Thriller
Memento,2000,Barat,8.4,18+,Thriller
The Others,2001,Barat,7.6,13+,Thriller
Cape Fear,1991,Barat,7.3,18+,Thriller
Misery,1990,Barat,7.8,17+,Thriller
A Quiet Place,2018,Barat,7.5,13+,Thriller
The Prestige,2006,Barat,8.5,13+,Thriller
Panic Room,2002,Barat,6.8,13+,Thriller
The Game,1997,Barat,7.7,17+,Thriller
Tenet,2020,Barat,7.3,13+,Thriller
The Invisible Man,2020,Barat,7.1,17+,Thriller
The Raid,2011,Indonesia,7.6,18+,Action
The Raid 2,2014,Indonesia,8.0,18+,Action
The Night Comes for Us,2018,Indonesia,7.0,18+,Action
Headshot,2016,Indonesia,6.3,18+,Action
Gundala,2019,Indonesia,6.1,13+,Action
Foxtrot Six,2019,Indonesia,6.3,17+,Action
Serigala Terakhir,2009,Indonesia,6.8,17+,Action
Merantau,2009,Indonesia,6.7,17+,Action
Wiro Sableng,2018,Indonesia,6.4,13+,Action
5 Cm,2012,Indonesia,7.6,13+,Action
Buffalo Boys,2018,Indonesia,5.8,17+,Action
Jaka Sembung,1981,Indonesia,6.9,17+,Action
Si Buta dari Gua Hantu,2023,Indonesia,6.2,17+,Action
Serigala Terakhir 2,2022,Indonesia,6.5,17+,Action
Preman Pensiun,2022,Indonesia,6.4,13+,Action
Satria Dewa: Gatotkaca,2022,Indonesia,5.9,13+,Action
Darah dan Doa,1950,Indonesia,7.1,17+,Action
Si Unyil Beraksi,1990,Indonesia,6.0,Semua umur,Action
Catatan Si Boy,1987,Indonesia,6.5,13+,Action
Pertaruhan,2017,Indonesia,6.3,17+,Action
Ong-Bak,2003,Thailand,7.2,17+,Action
Tom-Yum-Goong,2005,Thailand,7.1,17+,Action
Chocolate,2008,Thailand,7.0,17+,Action
The Protector 2,2013,Thailand,5.3,17+,Action
Power Kids,2009,Thailand,5.7,13+,Action
Bangkok Knockout,2010,Thailand,5.2,13+,Action
Vengeance of an Assassin,2014,Thailand,5.4,17+,Action
The Bodyguard,2004,Thailand,5.6,13+,Action
Born to Fight,2004,Thailand,6.2,17+,Action
The Tiger Blade,2005,Thailand,5.1,17+,Action
Muay Thai Giant,2008,Thailand,5.0,13+,Action
The Man from the Edge,2018,Thailand,5.9,13+,Action
SPL: Kill Zone,2005,Thailand,7.0,17+,Action
The Kick,2011,Thailand,5.2,13+,Action
Monkey Twins,2016,Thailand,5.6,13+,Action
Khun Pan,2016,Thailand,6.2,13+,Action
Khun Pan 2,2018,Thailand,6.0,13+,Action
Ultraman: Rising,2025,Thailand,6.1,13+,Action
The Cop,2020,Thailand,5.8,13+,Action
Raging Phoenix,2009,Thailand,6.0,17+,Action
Battle Royale,2000,Jepang,7.6,17+,Action
Rurouni Kenshin,2012,Jepang,7.6,13+,Action
Rurouni Kenshin: Kyoto Inferno,2014,Jepang,8.0,13+,Action
Rurouni Kenshin: The Legend Ends,2014,Jepang,7.9,13+,Action
Shinobi: Heart Under Blade,2005,Jepang,6.6,13+,Action
Casshern,2004,Jepang,6.5,17+,Action
Gantz,2011,Jepang,6.5,18+,Action
Gantz: Perfect Answer,2011,Jepang,6.4,18+,Action
The Twilight Samurai,2002,Jepang,7.6,13+,Action
Samurai Marathon,2019,Jepang,6.4,13+,Action
Death Note (live-action),2006,Jepang,7.5,13+,Action
Outrage,2010,Jepang,7.1,18+,Action
Outrage Coda,2017,Jepang,6.8,18+,Action
Silence,2016,Jepang,7.2,13+,Action
JoJo's Bizarre Adventure: Diamond Is Unbreakable,2017,Jepang,7.7,13+,Action
Ichi the Killer,2001,Jepang,7.0,18+,Action
Azumi,2003,Jepang,6.8,17+,Action
Azumi 2: Death or Love,2005,Jepang,6.2,17+,Action
Kamen Rider Heisei Generations,2016,Jepang,6.0,13+,Action
Zatoichi,2003,Jepang,7.6,13+,Action
The Man from Nowhere,2010,Korea,7.7,17+,Action
A Bittersweet Life,2005,Korea,7.4,18+,Action
The Villainess,2017,Korea,6.9,18+,Action
Veteran,2015,Korea,7.2,17+,Action
The Outlaws,2017,Korea,7.1,17+,Action
New World,2013,Korea,7.9,17+,Action
The Berlin File,2013,Korea,6.9,17+,Action
Fabricated City,2017,Korea,6.6,17+,Action
Confidential Assignment,2017,Korea,6.3,13+,Action
Train to Busan,2016,Korea,7.6,17+,Action
The Suspect,2013,Korea,6.8,17+,Action
Midnight Runners,2017,Korea,7.0,13+,Action
Along with the Gods: The Two Worlds,2017,Korea,7.5,13+,Action
The Good,the Bad,the Weird,2008,Korea,7.3,17+,Action
The Merciless,2017,Korea,6.8,17+,Action
Fabricated City,2017,Korea,6.6,17+,Action
The Outlaws 2,2022,Korea,7.0,17+,Action
Silenced,2011,Korea,8.1,17+,Action
The Battleship Island,2017,Korea,7.1,17+,Action
Extreme Job,2019,Korea,7.1,13+,Action
Wolf Warrior 2,2017,China,6.6,13+,Action
Operation Red Sea,2018,China,7.3,17+,Action
The Wandering Earth,2019,China,6.0,13+,Action
Kung Fu Hustle,2004,China,7.7,13+,Action
Detective Chinatown,2015,China,6.6,13+,Action
Ip Man,2008,China,7.8,13+,Action
Ip Man 2,2010,China,7.7,13+,Action
Ip Man 3,2015,China,7.1,13+,Action
Ip Man 4: The Finale,2019,China,7.2,13+,Action
The Battle at Lake Changjin,2021,China,6.3,17+,Action
Bodyguards and Assassins,2009,China,6.7,17+,Action
SPL: Sha Po Lang,2005,China,6.5,17+,Action
The Taking of Tiger Mountain,2014,China,6.5,17+,Action
Crouching Tiger,Hidden Dragon,2000,China,7.9,13+,Action
Hero,2002,China,7.9,13+,Action
Fearless,2006,China,7.2,13+,Action
The Grandmaster,2013,China,6.6,13+,Action
Red Cliff,2008,China,7.5,13+,Action
Painted Skin: The Resurrection,2012,China,6.3,13+,Action
Dragon Blade,2015,China,6.0,13+,Action
Mad Max: Fury Road,2015,Barat,8.1,17+,Action
John Wick,2014,Barat,7.4,18+,Action
The Dark Knight,2008,Barat,9.0,13+,Action
Gladiator,2000,Barat,8.5,17+,Action
The Avengers,2012,Barat,8.0,13+,Action
Inception,2010,Barat,8.8,13+,Action
Die Hard,1988,Barat,8.2,17+,Action
The Matrix,1999,Barat,8.7,17+,Action
Terminator 2: Judgment Day,1991,Barat,8.5,17+,Action
Pirates of the Caribbean: The Curse of the Black Pearl,2003,Barat,8.0,13+,Action
Iron Man,2008,Barat,7.9,13+,Action
The Bourne Identity,2002,Barat,7.9,17+,Action
Spider-Man: Into the Spider-Verse,2018,Barat,8.4,13+,Action
Captain America: The Winter Soldier,2014,Barat,7.7,13+,Action
Wonder Woman,2017,Barat,7.4,13+,Action
Avengers: Endgame,2019,Barat,8.4,13+,Action
Deadpool,2016,Barat,8.0,18+,Action
Logan,2017,Barat,8.1,17+,Action
Guardians of the Galaxy,2014,Barat,8.0,13+,Action
Black Panther,2018,Barat,7.3,13+,Action
Pengabdi Setan (Satan’s Slaves),2017,Indonesia,6.5,17+,Horror
Rumah Dara (Macabre),2009,Indonesia,6.5,18+,Horror
Kuntilanak,2006,Indonesia,6.1,17+,Horror
The Queen of Black Magic,2019,Indonesia,6.0,17+,Horror
Satan’s Slaves 2: Communion,2022,Indonesia,6.6,17+,Horror
Jailangkung,2017,Indonesia,6.0,17+,Horror
Danur: I Can See Ghosts,2017,Indonesia,6.0,13+,Horror
Danur 2: Maddah,2018,Indonesia,5.8,13+,Horror
May the Devil Take You,2018,Indonesia,6.1,18+,Horror
May the Devil Take You Too,2020,Indonesia,6.0,18+,Horror
Sabrina,2018,Indonesia,6.0,17+,Horror
Ghost Train,2019,Indonesia,5.8,17+,Horror
The Doll,2016,Indonesia,5.3,13+,Horror
The Doll 2,2017,Indonesia,5.5,13+,Horror
Ritual,2012,Indonesia,5.7,17+,Horror
Keramat,2009,Indonesia,5.6,17+,Horror
Air Terjun Pengantin,2016,Indonesia,5.5,13+,Horror
Kuntilanak 2,2013,Indonesia,5.6,17+,Horror
Pengabdi Setan 3: Cemetery,2022,Indonesia,6.4,17+,Horror
Ivanna,2022,Indonesia,6.0,17+,Horror
Shutter,2004,Thailand,7.1,17+,Horror
Pee Mak,2013,Thailand,7.2,13+,Horror
The Medium,2021,Thailand,6.6,18+,Horror
Laddaland,2011,Thailand,6.3,17+,Horror
Alone,2007,Thailand,6.5,17+,Horror
Phobia,2008,Thailand,6.7,17+,Horror
The Eye,2002,Thailand,6.6,17+,Horror
The Pool,2007,Thailand,5.4,17+,Horror
Coming Soon,2008,Thailand,6.1,17+,Horror
The Victim,2006,Thailand,6.3,17+,Horror
The Maid,2005,Thailand,6.1,17+,Horror
The Whole Truth,2009,Thailand,5.8,17+,Horror
The Island Funeral,2015,Thailand,6.9,17+,Horror
Dorm,2006,Thailand,7.0,13+,Horror
Secret Sunday,2010,Thailand,6.2,17+,Horror
Phobia 2,2009,Thailand,6.9,17+,Horror
Bangkok Dangerous,1999,Thailand,6.6,18+,Horror
Countdown,2012,Thailand,6.4,18+,Horror
Bad Genius,2017,Thailand,7.6,13+,Horror
Pee Mak,2013,Thailand,7.2,13+,Horror
Ringu (Ring),1998,Jepang,7.2,17+,Horror
Ju-On: The Grudge,2002,Jepang,6.7,17+,Horror
Audition,1999,Jepang,7.2,18+,Horror
Noroi: The Curse,2005,Jepang,7.0,17+,Horror
Cure,1997,Jepang,7.4,17+,Horror
The World of Kanako,2014,Jepang,6.6,18+,Horror
Cold Fish,2010,Jepang,7.1,18+,Horror
Ikigami,2008,Jepang,7.1,17+,Horror
The Snow White Murder Case,2014,Jepang,6.7,17+,Horror
Parasyte: Part 1,2014,Jepang,6.9,17+,Horror
Parasyte: Part 2,2015,Jepang,6.5,17+,Horror
Lesson of the Evil,2012,Jepang,6.6,18+,Horror
13 Assassins,2010,Jepang,7.6,17+,Horror
Death Note,2006,Jepang,7.5,13+,Horror
Memories of Murder,2003,Jepang,8.1,17+,Horror
Retribution,2006,Jepang,6.9,17+,Horror
Villain,2010,Jepang,7.1,17+,Horror
The Third Murder,2017,Jepang,6.7,17+,Horror
Monsterz,2014,Jepang,5.1,17+,Horror
The Call,2020,Jepang,7.1,17+,Horror
Train to Busan,2016,Korea,7.6,17+,Horror
The Wailing,2016,Korea,7.4,17+,Horror
A Tale of Two Sisters,2003,Korea,7.2,17+,Horror
The Host,2006,Korea,7.1,13+,Horror
The Silenced,2015,Korea,6.3,17+,Horror
I Saw the Devil,2010,Korea,7.8,18+,Horror
The Puppet Master,2003,Korea,5.5,17+,Horror
Hansel and Gretel,2007,Korea,6.3,17+,Horror
Bedevilled,2010,Korea,6.6,18+,Horror
Whispering Corridors,1998,Korea,6.4,17+,Horror
R-Point,2004,Korea,6.2,18+,Horror
Death Bell,2008,Korea,6.2,17+,Horror
Bloody Reunion,2006,Korea,6.0,18+,Horror
Red Eye,2005,Korea,5.9,18+,Horror
The Cat,2011,Korea,5.4,17+,Horror
Possessed,2009,Korea,6.1,17+,Horror
The Mimic,2017,Korea,5.9,17+,Horror
The Closet,2020,Korea,6.0,17+,Horror
Gonjiam: Haunted Asylum,2018,Korea,6.1,17+,Horror
Spellbound,2011,Korea,6.4,17+,Horror
The Eye 10,2005,China,5.6,17+,Horror
The Tag-Along,2015,China,6.0,17+,Horror
Double Vision,2002,China,6.1,17+,Horror
The House That Never Dies,2014,China,6.0,17+,Horror
The Matrimony,2007,China,6.3,17+,Horror
The Midnight After,2014,China,6.0,17+,Horror
Red Cliff,2008,China,7.1,13+,Horror
Soul,2021,China,6.0,17+,Horror
The Tag-Along 2,2017,China,6.3,17+,Horror
Rigor Mortis,2013,China,6.1,18+,Horror
The Eye,2002,China,6.6,17+,Horror
Jiangshi,2013,China,5.4,17+,Horror
The House That Never Dies 2,2017,China,6.0,17+,Horror
The Haunted Cinema,2014,China,5.9,17+,Horror
The Tag-Along 3,2021,China,6.0,17+,Horror
The Unseen,2016,China,5.8,17+,Horror
The Shadow Play,2018,China,6.4,17+,Horror
The House That Never Dies 3,2022,China,6.1,17+,Horror
Soulmate,2023,China,6.5,17+,Horror
The Tomb,2017,China,6.0,17+,Horror
The Exorcist,1973,Barat,8.0,18+,Horror
Halloween,1978,Barat,7.8,18+,Horror
The Shining,1980,Barat,8.4,18+,Horror
A Nightmare on Elm Street,1984,Barat,7.5,18+,Horror
The Conjuring,2013,Barat,7.5,17+,Horror
It,2017,Barat,7.3,17+,Horror
Get Out,2017,Barat,7.7,17+,Horror
Hereditary,2018,Barat,7.3,18+,Horror
The Babadook,2014,Barat,6.8,17+,Horror
Insidious,2010,Barat,6.8,17+,Horror
It Follows,2014,Barat,6.8,17+,Horror
The Ring,2002,Barat,7.1,17+,Horror
The Blair Witch Project,1999,Barat,6.4,17+,Horror
Paranormal Activity,2007,Barat,6.3,17+,Horror
Saw,2004,Barat,7.6,18+,Horror
Scream,1996,Barat,7.2,18+,Horror
The Others,2001,Barat,7.6,13+,Horror
Midsommar,2019,Barat,7.1,18+,Horror
The Cabin in the Woods,2011,Barat,7.0,17+,Horror
Sinister,2012,Barat,6.8,17+,Horror
